model,pretty_name,SingleOp,SingleQ,MultiArith,SVAMP,GSM8K,MMLU-Math,BBHDeduction,BBHCounting,BBHNavigate,HotpotQA,SQuAD,DROP,Winograd-WSC
Qwen3-8B,NVFP4-RTN-I,100.0,100.0,99.41176470588235,97.35849056603773,94.40298507462687,93.63295880149812,98.5,88.94736842105263,94.0,96.68508287292818,92.54658385093167,80.38277511961722,74.87179487179488
Qwen3-8B,MXFP4-RTN-H,100.0,99.0,98.82352941176471,95.84905660377359,92.91044776119402,89.8876404494382,98.0,84.73684210526315,92.0,92.81767955801105,87.5776397515528,82.29665071770334,69.23076923076923
Qwen3-8B,Qwen3-8B-BF16,99.33333333333333,100.0,100.0,97.35849056603773,97.38805970149254,95.88014981273409,97.5,93.6842105263158,91.5,97.79005524861878,93.7888198757764,93.30143540669856,82.56410256410255
Qwen3-8B,NVFP4-RTN-I,100.0,100.0,98.82352941176471,95.84905660377359,97.01492537313433,89.13857677902621,99.5,90.0,91.5,97.23756906077348,92.54658385093167,82.77511961722487,77.43589743589745
Qwen3-8B,NVFP4-RTN-I,99.33333333333333,99.0,99.41176470588235,97.73584905660377,97.38805970149254,91.38576779026218,99.0,90.0,96.0,96.13259668508287,94.40993788819875,87.08133971291866,78.46153846153847
Qwen3-8B,MXFP4-RTN-H,99.33333333333333,100.0,97.05882352941177,95.84905660377359,91.4179104477612,89.51310861423221,98.5,85.78947368421052,93.0,95.02762430939227,88.81987577639751,83.73205741626795,72.82051282051283
Qwen3-8B,MXFP4-RTN-H,99.33333333333333,100.0,98.23529411764706,96.60377358490567,94.40298507462687,89.8876404494382,98.0,85.78947368421052,95.5,97.23756906077348,88.81987577639751,85.16746411483254,75.38461538461539
Qwen3-8B,NVFP4-RTN-I,100.0,100.0,99.41176470588235,97.73584905660377,97.01492537313433,93.25842696629213,99.0,88.42105263157895,91.5,96.68508287292818,91.30434782608697,88.03827751196172,77.43589743589745
Qwen3-8B,MXFP4-GPTQ-WUSH,100.0,100.0,98.82352941176471,95.84905660377359,97.01492537313433,93.25842696629213,99.5,93.6842105263158,93.5,94.47513812154696,93.16770186335404,83.73205741626795,76.92307692307692
Qwen3-8B,MXFP4-GPTQ-WUSH,100.0,100.0,98.82352941176471,97.35849056603773,96.26865671641791,92.13483146067416,98.0,85.26315789473684,91.5,97.79005524861878,93.7888198757764,90.43062200956938,76.41025641025641
Qwen3-8B,MXFP4-GPTQ-WUSH,100.0,98.0,100.0,95.09433962264151,97.01492537313433,92.13483146067416,99.0,86.31578947368422,93.0,96.13259668508287,92.54658385093167,88.99521531100478,77.43589743589745
Qwen3-8B,MXFP4-GPTQ-WUSH,100.0,100.0,98.82352941176471,96.98113207547169,96.64179104477611,92.88389513108615,99.5,86.31578947368422,93.5,96.68508287292818,92.54658385093167,84.21052631578947,76.92307692307692
Qwen3-8B,MXFP4-GPTQ-WUSH,100.0,100.0,98.82352941176471,96.60377358490567,95.8955223880597,92.88389513108615,98.5,83.68421052631578,91.5,96.68508287292818,92.54658385093167,92.82296650717703,70.76923076923076
Qwen3-8B,NVFP4-GPTQ-WUSH,100.0,100.0,98.23529411764706,97.35849056603773,97.38805970149254,94.00749063670412,99.5,90.52631578947368,93.0,96.68508287292818,92.54658385093167,88.99521531100478,74.35897435897436
Qwen3-8B,NVFP4-GPTQ-WUSH,99.33333333333333,99.0,98.82352941176471,97.35849056603773,97.01492537313433,94.3820224719101,99.0,86.31578947368422,93.5,97.79005524861878,91.30434782608697,88.99521531100478,76.92307692307692
Qwen3-8B,NVFP4-GPTQ-WUSH,99.33333333333333,100.0,99.41176470588235,96.98113207547169,95.52238805970148,93.25842696629213,99.0,85.78947368421052,91.5,96.68508287292818,90.06211180124224,88.99521531100478,73.33333333333334
Qwen3-8B,NVFP4-GPTQ-WUSH,99.33333333333333,99.0,99.41176470588235,97.73584905660377,97.01492537313433,92.50936329588015,99.5,86.8421052631579,91.0,96.13259668508287,95.03105590062113,86.1244019138756,77.94871794871796
Qwen3-8B,NVFP4-GPTQ-WUSH,100.0,99.0,99.41176470588235,97.35849056603773,98.13432835820896,95.13108614232209,98.5,90.52631578947368,94.0,97.79005524861878,92.54658385093167,91.38755980861244,79.48717948717949
Qwen3-8B,MXFP4-GPTQ-H,99.33333333333333,100.0,98.82352941176471,96.98113207547169,94.02985074626866,93.25842696629213,98.5,88.42105263157895,90.5,97.23756906077348,90.06211180124224,85.16746411483254,75.8974358974359
Qwen3-8B,MXFP4-GPTQ-H,100.0,100.0,99.41176470588235,95.09433962264151,95.52238805970148,93.25842696629213,100.0,85.78947368421052,95.5,95.02762430939227,88.81987577639751,87.08133971291866,75.38461538461539
Qwen3-8B,MXFP4-GPTQ-H,99.33333333333333,100.0,99.41176470588235,96.98113207547169,94.40298507462687,92.13483146067416,98.5,84.73684210526315,90.0,95.58011049723757,89.44099378881988,87.08133971291866,73.33333333333334
Qwen3-8B,MXFP4-GPTQ-H,99.33333333333333,99.0,99.41176470588235,96.22641509433963,95.1492537313433,91.76029962546816,98.0,83.68421052631578,90.0,96.13259668508287,89.44099378881988,87.08133971291866,76.92307692307692
Qwen3-8B,MXFP4-GPTQ-H,100.0,100.0,99.41176470588235,96.98113207547169,93.28358208955224,91.38576779026218,99.0,87.89473684210526,93.5,96.68508287292818,90.06211180124224,87.08133971291866,74.35897435897436
Qwen3-8B,NVFP4-GPTQ-H,100.0,100.0,99.41176470588235,96.98113207547169,95.52238805970148,93.63295880149812,99.0,81.57894736842105,93.5,96.68508287292818,91.92546583850931,90.9090909090909,80.0
Qwen3-8B,NVFP4-GPTQ-H,100.0,98.0,100.0,96.98113207547169,96.64179104477611,94.7565543071161,98.5,85.26315789473684,94.0,96.68508287292818,92.54658385093167,87.08133971291866,81.02564102564102
Qwen3-8B,NVFP4-GPTQ-H,100.0,100.0,99.41176470588235,97.35849056603773,95.1492537313433,94.3820224719101,98.0,87.89473684210526,93.5,96.68508287292818,93.7888198757764,89.95215311004785,80.51282051282051
Qwen3-8B,NVFP4-GPTQ-H,100.0,100.0,98.23529411764706,96.60377358490567,95.52238805970148,92.13483146067416,99.5,87.36842105263159,95.0,97.23756906077348,93.16770186335404,88.51674641148325,80.0
Qwen3-8B,NVFP4-GPTQ-H,100.0,99.0,98.23529411764706,98.11320754716981,97.38805970149254,92.88389513108615,100.0,86.31578947368422,93.0,97.79005524861878,90.6832298136646,87.5598086124402,78.46153846153847
Qwen3-8B,MXFP4-RTN-WUSH,100.0,100.0,99.41176470588235,97.35849056603773,95.52238805970148,94.3820224719101,100.0,87.89473684210526,88.5,95.02762430939227,88.81987577639751,84.21052631578947,75.8974358974359
Qwen3-8B,NVFP4-RTN-WUSH,100.0,100.0,99.41176470588235,97.35849056603773,96.64179104477611,95.50561797752809,100.0,91.57894736842105,93.0,96.13259668508287,90.06211180124224,88.99521531100478,78.97435897435898
Qwen3-8B,NVFP4-RTN-WUSH,100.0,100.0,98.23529411764706,96.98113207547169,96.64179104477611,94.00749063670412,99.5,87.89473684210526,95.0,96.13259668508287,93.7888198757764,92.34449760765551,75.8974358974359
Qwen3-8B,NVFP4-RTN-WUSH,99.33333333333333,99.0,100.0,96.60377358490567,96.26865671641791,92.88389513108615,99.5,88.42105263157895,91.0,96.13259668508287,92.54658385093167,89.95215311004785,75.38461538461539
Qwen3-8B,NVFP4-RTN-WUSH,100.0,100.0,100.0,96.98113207547169,94.77611940298507,93.25842696629213,99.0,88.94736842105263,90.5,95.58011049723757,91.92546583850931,88.03827751196172,76.92307692307692
Qwen3-8B,NVFP4-RTN-WUSH,100.0,100.0,99.41176470588235,96.60377358490567,96.26865671641791,90.2621722846442,99.5,85.78947368421052,93.0,96.68508287292818,91.30434782608697,90.9090909090909,76.41025641025641
Qwen3-8B,MXFP4-RTN-WUSH,100.0,100.0,99.41176470588235,96.60377358490567,95.52238805970148,92.13483146067416,100.0,86.31578947368422,86.5,97.23756906077348,86.95652173913044,91.86602870813397,76.92307692307692
Qwen3-8B,MXFP4-RTN-WUSH,98.66666666666667,99.0,98.23529411764706,96.22641509433963,95.1492537313433,91.01123595505618,99.5,86.31578947368422,92.5,97.23756906077348,90.06211180124224,87.08133971291866,78.97435897435898
Qwen3-8B,MXFP4-RTN-WUSH,98.0,98.0,98.82352941176471,97.35849056603773,95.1492537313433,94.3820224719101,98.5,90.0,89.5,94.47513812154696,91.92546583850931,80.86124401913875,75.8974358974359
Qwen3-8B,MXFP4-RTN-WUSH,99.33333333333333,99.0,98.82352941176471,96.60377358490567,97.38805970149254,88.76404494382022,97.5,88.94736842105263,94.0,97.23756906077348,95.03105590062113,85.16746411483254,77.94871794871796
Qwen3-14B,MXFP4-RTN-H,100.0,100.0,99.41176470588235,98.11320754716981,97.01492537313433,92.88389513108615,100.0,84.73684210526315,95.5,96.68508287292818,94.40993788819875,90.9090909090909,84.1025641025641
Qwen3-14B,NVFP4-RTN-I,100.0,100.0,99.41176470588235,98.11320754716981,96.64179104477611,96.25468164794007,98.5,85.78947368421052,93.0,96.13259668508287,84.472049689441,87.5598086124402,85.12820512820512
Qwen3-14B,MXFP4-RTN-WUSH,100.0,100.0,98.82352941176471,98.11320754716981,96.26865671641791,95.13108614232209,100.0,87.89473684210526,94.5,97.23756906077348,89.44099378881988,90.43062200956938,85.12820512820512
Qwen3-14B,MXFP4-RTN-WUSH,100.0,100.0,98.82352941176471,98.49056603773585,97.01492537313433,95.88014981273409,98.5,87.36842105263159,94.5,96.68508287292818,85.09316770186335,83.25358851674642,83.07692307692307
Qwen3-14B,MXFP4-RTN-WUSH,100.0,100.0,98.82352941176471,98.11320754716981,98.13432835820896,95.13108614232209,98.5,82.63157894736842,92.5,96.13259668508287,86.33540372670807,88.99521531100478,86.15384615384616
Qwen3-14B,MXFP4-RTN-WUSH,100.0,100.0,98.82352941176471,97.35849056603773,97.38805970149254,97.37827715355806,99.0,93.6842105263158,96.0,96.13259668508287,85.71428571428572,85.16746411483254,84.61538461538461
Qwen3-14B,MXFP4-RTN-WUSH,99.33333333333333,100.0,98.82352941176471,96.98113207547169,97.01492537313433,96.25468164794007,99.0,85.78947368421052,95.0,96.68508287292818,90.6832298136646,89.47368421052632,85.12820512820512
Qwen3-14B,NVFP4-RTN-WUSH,100.0,100.0,98.82352941176471,98.11320754716981,97.01492537313433,97.75280898876404,100.0,92.10526315789474,94.5,96.13259668508287,91.30434782608697,91.86602870813397,86.66666666666667
Qwen3-14B,NVFP4-RTN-WUSH,100.0,100.0,98.82352941176471,97.73584905660377,98.88059701492537,95.88014981273409,99.0,86.31578947368422,93.0,96.68508287292818,90.06211180124224,90.43062200956938,87.6923076923077
Qwen3-14B,NVFP4-RTN-WUSH,100.0,100.0,98.82352941176471,98.11320754716981,97.38805970149254,95.88014981273409,99.0,88.94736842105263,94.0,96.68508287292818,86.95652173913044,87.08133971291866,82.56410256410255
Qwen3-14B,NVFP4-RTN-WUSH,100.0,100.0,98.82352941176471,98.11320754716981,96.26865671641791,96.25468164794007,100.0,86.8421052631579,94.0,96.68508287292818,86.95652173913044,86.1244019138756,86.15384615384616
Qwen3-14B,NVFP4-RTN-WUSH,100.0,100.0,98.82352941176471,98.11320754716981,98.88059701492537,96.25468164794007,99.5,85.78947368421052,94.0,96.13259668508287,84.472049689441,86.1244019138756,83.07692307692307
Qwen3-14B,Qwen3-14B-BF16,100.0,100.0,98.82352941176471,97.73584905660377,98.13432835820896,97.37827715355806,99.5,89.47368421052632,98.0,97.23756906077348,91.30434782608697,91.86602870813397,86.66666666666667
Qwen3-14B,MXFP4-RTN-H,99.33333333333333,100.0,98.82352941176471,97.35849056603773,97.76119402985076,93.63295880149812,98.0,85.26315789473684,94.5,97.79005524861878,94.40993788819875,90.9090909090909,78.97435897435898
Qwen3-14B,MXFP4-RTN-H,100.0,100.0,98.82352941176471,98.11320754716981,96.64179104477611,92.50936329588015,99.0,82.63157894736842,95.0,97.23756906077348,95.03105590062113,89.95215311004785,82.05128205128204
Qwen3-14B,MXFP4-RTN-H,100.0,100.0,98.82352941176471,98.49056603773585,97.38805970149254,91.76029962546816,100.0,84.21052631578947,96.0,96.68508287292818,95.03105590062113,87.5598086124402,85.64102564102565
Qwen3-14B,NVFP4-RTN-I,100.0,100.0,99.41176470588235,97.35849056603773,98.50746268656717,95.13108614232209,99.0,85.26315789473684,95.0,95.02762430939227,86.33540372670807,85.16746411483254,82.05128205128204
Qwen3-14B,NVFP4-RTN-I,100.0,100.0,98.23529411764706,97.73584905660377,97.01492537313433,95.50561797752809,100.0,84.21052631578947,96.0,96.68508287292818,83.85093167701864,86.1244019138756,85.12820512820512
Qwen3-14B,NVFP4-RTN-I,100.0,100.0,99.41176470588235,97.35849056603773,98.13432835820896,95.13108614232209,99.5,85.78947368421052,94.0,95.58011049723757,85.09316770186335,86.60287081339713,82.56410256410255
Qwen3-14B,NVFP4-RTN-I,100.0,100.0,99.41176470588235,98.11320754716981,98.50746268656717,95.50561797752809,98.5,85.78947368421052,96.0,96.13259668508287,85.09316770186335,86.1244019138756,82.56410256410255
Qwen3-32B,MXFP4-RTN-WUSH,99.33333333333333,100.0,99.41176470588235,98.86792452830188,97.38805970149254,94.3820224719101,100.0,91.57894736842105,98.0,98.34254143646409,95.03105590062113,93.77990430622009,92.82051282051282
Qwen3-32B,MXFP4-RTN-WUSH,100.0,100.0,99.41176470588235,99.24528301886792,98.13432835820896,95.50561797752809,97.5,88.94736842105263,98.0,98.89502762430939,93.16770186335404,93.30143540669856,89.74358974358975
Qwen3-32B,MXFP4-RTN-WUSH,98.66666666666667,100.0,98.23529411764706,98.11320754716981,97.01492537313433,97.00374531835206,100.0,88.42105263157895,97.5,98.89502762430939,92.54658385093167,93.77990430622009,90.76923076923077
Qwen3-32B,MXFP4-RTN-WUSH,99.33333333333333,100.0,99.41176470588235,98.11320754716981,98.50746268656717,95.13108614232209,99.0,93.6842105263158,97.5,98.34254143646409,94.40993788819875,90.43062200956938,91.28205128205128
Qwen3-32B,NVFP4-RTN-WUSH,99.33333333333333,100.0,98.23529411764706,97.35849056603773,96.26865671641791,94.3820224719101,100.0,88.42105263157895,97.0,97.23756906077348,93.16770186335404,94.25837320574163,93.84615384615384
Qwen3-32B,NVFP4-RTN-WUSH,100.0,100.0,99.41176470588235,98.49056603773585,98.88059701492537,95.88014981273409,99.5,90.52631578947368,97.5,98.89502762430939,93.7888198757764,94.73684210526316,90.25641025641026
Qwen3-32B,NVFP4-RTN-WUSH,100.0,100.0,99.41176470588235,97.73584905660377,99.25373134328358,95.88014981273409,99.0,93.15789473684211,97.0,97.79005524861878,91.92546583850931,92.34449760765551,92.3076923076923
Qwen3-32B,NVFP4-RTN-WUSH,100.0,100.0,98.23529411764706,98.11320754716981,98.13432835820896,96.25468164794007,99.5,93.15789473684211,97.5,98.34254143646409,93.16770186335404,92.34449760765551,94.35897435897435
Qwen3-32B,MXFP4-RTN-H,99.33333333333333,100.0,98.82352941176471,97.35849056603773,97.76119402985076,94.00749063670412,99.5,79.47368421052632,97.0,97.79005524861878,91.30434782608697,93.30143540669856,91.28205128205128
Qwen3-32B,MXFP4-RTN-H,98.66666666666667,100.0,98.23529411764706,97.73584905660377,97.01492537313433,92.50936329588015,99.5,80.0,96.0,99.4475138121547,93.16770186335404,92.34449760765551,89.74358974358975
Qwen3-32B,NVFP4-RTN-I,100.0,100.0,99.41176470588235,98.86792452830188,98.13432835820896,95.50561797752809,100.0,87.89473684210526,97.5,98.34254143646409,92.54658385093167,94.73684210526316,92.3076923076923
Qwen3-32B,Qwen3-32B-BF16,100.0,100.0,99.41176470588235,97.35849056603773,98.88059701492537,94.00749063670412,100.0,95.26315789473684,98.0,99.4475138121547,95.03105590062113,94.73684210526316,93.84615384615384
Qwen3-32B,NVFP4-RTN-H,99.33333333333333,100.0,98.82352941176471,98.86792452830188,98.50746268656717,95.13108614232209,100.0,91.05263157894737,98.0,98.34254143646409,92.54658385093167,93.77990430622009,92.82051282051282
Qwen3-32B,NVFP4-RTN-H,99.33333333333333,100.0,98.82352941176471,98.86792452830188,98.13432835820896,94.7565543071161,100.0,92.63157894736842,97.0,97.23756906077348,90.6832298136646,92.34449760765551,91.7948717948718
Qwen3-32B,MXFP4-RTN-I,100.0,100.0,98.82352941176471,99.24528301886792,97.01492537313433,92.13483146067416,99.5,85.26315789473684,96.0,98.34254143646409,92.54658385093167,90.43062200956938,91.28205128205128
Qwen3-32B,NVFP4-RTN-I,100.0,100.0,99.41176470588235,98.49056603773585,98.50746268656717,93.25842696629213,100.0,86.8421052631579,97.5,98.89502762430939,91.92546583850931,94.25837320574163,92.82051282051282
Qwen3-32B,MXFP4-RTN-I,100.0,100.0,99.41176470588235,97.35849056603773,98.88059701492537,91.01123595505618,99.5,84.73684210526315,94.5,96.13259668508287,92.54658385093167,91.86602870813397,89.74358974358975
Qwen3-32B,MXFP4-RTN-I,100.0,100.0,99.41176470588235,98.49056603773585,97.01492537313433,92.88389513108615,99.0,86.8421052631579,95.0,96.68508287292818,90.6832298136646,88.51674641148325,91.28205128205128
Qwen3-32B,NVFP4-RTN-H,100.0,100.0,99.41176470588235,99.62264150943396,98.50746268656717,95.13108614232209,99.5,91.05263157894737,98.5,97.79005524861878,94.40993788819875,95.21531100478468,92.3076923076923
Qwen3-32B,MXFP4-RTN-I,100.0,100.0,99.41176470588235,98.49056603773585,97.76119402985076,94.00749063670412,99.0,84.21052631578947,93.5,98.34254143646409,91.30434782608697,90.9090909090909,90.25641025641026
Qwen3-32B,NVFP4-RTN-I,100.0,100.0,99.41176470588235,98.11320754716981,99.25373134328358,95.13108614232209,99.5,86.8421052631579,97.5,98.89502762430939,93.16770186335404,92.34449760765551,92.3076923076923
Qwen3-32B,NVFP4-RTN-I,100.0,100.0,99.41176470588235,98.86792452830188,98.88059701492537,94.00749063670412,99.5,85.78947368421052,96.5,97.23756906077348,93.7888198757764,96.17224880382776,91.7948717948718
Qwen3-32B,MXFP4-RTN-H,99.33333333333333,100.0,97.6470588235294,96.98113207547169,98.13432835820896,94.00749063670412,99.5,81.57894736842105,97.0,98.89502762430939,93.7888198757764,91.86602870813397,90.25641025641026
Qwen3-32B,NVFP4-RTN-H,100.0,100.0,98.82352941176471,98.86792452830188,97.38805970149254,96.25468164794007,99.5,90.0,98.0,97.79005524861878,95.65217391304348,92.82296650717703,92.82051282051282
Qwen3-32B,MXFP4-RTN-H,100.0,100.0,98.23529411764706,96.98113207547169,98.13432835820896,94.00749063670412,98.5,83.68421052631578,96.0,97.79005524861878,93.7888198757764,92.82296650717703,92.3076923076923
Llama-3.2-3B-Instruct,NVFP4-RTN-I,96.0,99.0,95.29411764705881,89.43396226415095,78.73134328358209,58.052434456928836,59.5,61.05263157894737,65.99999999999999,81.21546961325967,71.42857142857143,55.02392344497608,52.3076923076923
Llama-3.2-3B-Instruct,MXFP4-RTN-H,95.33333333333334,97.0,92.3529411764706,82.64150943396227,72.76119402985076,44.9438202247191,58.00000000000001,60.0,65.0,70.1657458563536,63.975155279503106,47.84688995215311,57.94871794871794
Llama-3.2-3B-Instruct,Llama-3.2-3B-Instruct-BF16,98.66666666666667,98.0,99.41176470588235,91.32075471698113,84.70149253731343,62.546816479400746,73.5,78.94736842105263,63.5,81.21546961325967,79.5031055900621,53.588516746411486,63.589743589743584
Llama-3.2-3B-Instruct,MXFP4-RTN-H,94.0,96.0,92.94117647058823,82.26415094339623,72.38805970149254,43.44569288389513,61.0,60.0,65.0,70.1657458563536,63.975155279503106,47.84688995215311,57.94871794871794
Llama-3.2-3B-Instruct,MXFP4-RTN-H,96.66666666666667,98.0,94.11764705882352,83.39622641509435,72.76119402985076,44.9438202247191,63.5,62.63157894736842,64.0,67.95580110497237,65.21739130434783,48.803827751196174,53.333333333333336
Llama-3.2-3B-Instruct,NVFP4-RTN-I,96.66666666666667,98.0,96.47058823529412,89.43396226415095,79.8507462686567,59.176029962546814,65.5,62.10526315789473,63.0,81.76795580110497,68.32298136645963,58.37320574162679,56.92307692307692
Llama-3.2-3B-Instruct,MXFP4-RTN-H,94.66666666666667,96.0,93.52941176470588,82.26415094339623,75.0,48.68913857677902,55.49999999999999,59.47368421052632,67.0,69.06077348066299,68.944099378882,53.110047846889955,58.46153846153845
Llama-3.2-3B-Instruct,NVFP4-RTN-I,96.66666666666667,99.0,96.47058823529412,86.41509433962264,80.22388059701493,59.176029962546814,60.0,64.21052631578948,70.0,82.32044198895028,67.70186335403727,52.15311004784689,57.43589743589743
Llama-3.2-3B-Instruct,NVFP4-RTN-I,96.66666666666667,98.0,94.70588235294117,88.67924528301887,79.47761194029852,58.42696629213483,60.0,56.84210526315789,64.0,79.55801104972376,66.45962732919256,53.588516746411486,52.820512820512825
Llama-3.2-3B-Instruct,MXFP4-RTN-H,94.0,99.0,90.58823529411765,85.66037735849056,75.37313432835822,43.07116104868914,59.00000000000001,57.89473684210527,58.00000000000001,71.2707182320442,63.975155279503106,55.50239234449761,57.43589743589743
Llama-3.2-3B-Instruct,NVFP4-GPTQ-I,96.0,99.0,95.88235294117648,86.41509433962264,78.35820895522389,61.048689138576776,70.5,66.31578947368422,67.0,76.24309392265194,69.56521739130434,55.98086124401913,68.2051282051282
Llama-3.2-3B-Instruct,NVFP4-GPTQ-I,97.33333333333334,98.0,98.23529411764706,89.05660377358491,79.8507462686567,55.80524344569289,61.5,71.05263157894737,61.5,81.76795580110497,73.29192546583852,51.674641148325364,63.589743589743584
Llama-3.2-3B-Instruct,NVFP4-GPTQ-I,96.0,99.0,99.41176470588235,88.30188679245283,79.8507462686567,55.430711610486895,73.0,67.89473684210526,65.99999999999999,77.90055248618785,69.56521739130434,55.02392344497608,57.94871794871794
Llama-3.2-3B-Instruct,NVFP4-GPTQ-I,98.0,99.0,95.29411764705881,87.54716981132076,77.61194029850746,59.55056179775281,60.0,68.42105263157895,67.0,77.34806629834254,70.1863354037267,46.889952153110045,60.51282051282052
Llama-3.2-3B-Instruct,NVFP4-GPTQ-I,98.66666666666667,99.0,95.29411764705881,87.54716981132076,80.59701492537313,61.79775280898876,69.0,70.0,65.0,83.97790055248619,76.3975155279503,58.851674641148335,62.56410256410256
Llama-3.2-3B-Instruct,MXFP4-GPTQ-WUSH,95.33333333333334,97.0,97.6470588235294,86.79245283018868,81.71641791044776,51.31086142322096,60.5,61.05263157894737,67.0,76.24309392265194,66.45962732919256,57.41626794258373,59.48717948717949
Llama-3.2-3B-Instruct,NVFP4-GPTQ-WUSH,98.0,97.0,92.94117647058823,87.16981132075472,79.8507462686567,56.55430711610487,62.0,66.31578947368422,62.0,74.58563535911603,68.944099378882,53.588516746411486,61.02564102564103
Llama-3.2-3B-Instruct,MXFP4-GPTQ-WUSH,98.0,97.0,94.11764705882352,85.66037735849056,78.35820895522389,51.31086142322096,67.0,66.8421052631579,62.5,71.82320441988949,72.67080745341615,55.98086124401913,64.1025641025641
Llama-3.2-3B-Instruct,MXFP4-GPTQ-WUSH,95.33333333333334,99.0,96.47058823529412,87.54716981132076,81.34328358208955,51.31086142322096,68.0,65.26315789473685,59.00000000000001,72.92817679558011,73.91304347826086,56.459330143540676,58.46153846153845
Llama-3.2-3B-Instruct,MXFP4-GPTQ-WUSH,98.0,98.0,97.6470588235294,89.81132075471699,78.73134328358209,52.059925093632955,63.0,63.1578947368421,61.0,74.58563535911603,75.15527950310559,61.24401913875598,62.56410256410256
Llama-3.2-3B-Instruct,MXFP4-GPTQ-WUSH,96.66666666666667,99.0,97.05882352941177,85.66037735849056,77.23880597014924,57.30337078651686,62.5,64.21052631578948,57.00000000000001,73.48066298342542,68.32298136645963,59.33014354066985,60.0
Llama-3.2-3B-Instruct,MXFP4-GPTQ-H,98.0,100.0,97.05882352941177,86.41509433962264,79.10447761194031,50.187265917603,63.0,59.47368421052632,62.5,68.50828729281768,70.80745341614907,39.23444976076556,57.94871794871794
Llama-3.2-3B-Instruct,MXFP4-GPTQ-H,98.0,97.0,93.52941176470588,88.67924528301887,75.74626865671642,47.19101123595506,60.5,65.78947368421053,63.0,65.19337016574586,70.1863354037267,53.588516746411486,61.53846153846154
Llama-3.2-3B-Instruct,MXFP4-GPTQ-H,97.33333333333334,99.0,97.6470588235294,85.66037735849056,79.10447761194031,51.31086142322096,64.5,67.36842105263158,65.0,71.2707182320442,69.56521739130434,45.933014354066984,59.48717948717949
Llama-3.2-3B-Instruct,MXFP4-GPTQ-H,97.33333333333334,99.0,95.29411764705881,88.30188679245283,78.73134328358209,47.94007490636704,64.0,64.73684210526316,62.0,67.40331491712708,67.0807453416149,46.411483253588514,63.589743589743584
Llama-3.2-3B-Instruct,MXFP4-GPTQ-H,96.0,99.0,92.3529411764706,86.41509433962264,76.86567164179104,50.936329588014985,63.0,62.63157894736842,67.0,68.50828729281768,74.53416149068323,50.23923444976077,57.43589743589743
Llama-3.2-3B-Instruct,NVFP4-GPTQ-H,98.0,100.0,97.05882352941177,90.9433962264151,82.46268656716418,61.79775280898876,56.00000000000001,63.68421052631579,65.0,76.24309392265194,71.42857142857143,55.50239234449761,66.66666666666667
Llama-3.2-3B-Instruct,NVFP4-GPTQ-H,98.0,98.0,95.88235294117648,87.54716981132076,80.59701492537313,60.299625468164784,60.5,69.47368421052632,65.99999999999999,73.48066298342542,65.83850931677019,52.63157894736843,62.56410256410256
Llama-3.2-3B-Instruct,NVFP4-GPTQ-H,97.33333333333334,99.0,97.05882352941177,85.66037735849056,80.59701492537313,55.80524344569289,65.5,65.78947368421053,61.5,72.37569060773481,70.80745341614907,55.50239234449761,59.48717948717949
Llama-3.2-3B-Instruct,MXFP4-RTN-WUSH,98.66666666666667,99.0,97.05882352941177,85.66037735849056,79.10447761194031,59.925093632958806,59.5,66.31578947368422,65.99999999999999,61.87845303867403,63.975155279503106,42.10526315789473,54.358974358974365
Llama-3.2-3B-Instruct,MXFP4-RTN-WUSH,99.33333333333333,97.0,95.29411764705881,86.0377358490566,78.73134328358209,47.56554307116105,59.5,67.89473684210526,63.5,67.95580110497237,74.53416149068323,50.717703349282296,60.0
Llama-3.2-3B-Instruct,NVFP4-GPTQ-H,97.33333333333334,98.0,96.47058823529412,87.54716981132076,81.34328358208955,56.928838951310865,61.5,66.31578947368422,70.5,72.92817679558011,72.04968944099379,58.37320574162679,63.07692307692307
Llama-3.2-3B-Instruct,NVFP4-GPTQ-H,96.0,99.0,94.70588235294117,86.41509433962264,77.98507462686567,59.176029962546814,63.0,66.8421052631579,65.0,72.92817679558011,73.29192546583852,50.23923444976077,60.0
Llama-3.2-3B-Instruct,MXFP4-RTN-WUSH,96.0,96.0,98.23529411764706,83.77358490566039,74.62686567164178,48.68913857677902,65.99999999999999,57.89473684210527,56.00000000000001,72.37569060773481,74.53416149068323,52.63157894736843,57.94871794871794
Llama-3.2-3B-Instruct,MXFP4-RTN-WUSH,98.0,97.0,94.70588235294117,86.0377358490566,72.76119402985076,59.176029962546814,57.00000000000001,69.47368421052632,65.99999999999999,71.82320441988949,73.91304347826086,54.54545454545454,59.48717948717949
Llama-3.2-3B-Instruct,NVFP4-RTN-WUSH,95.33333333333334,100.0,95.88235294117648,88.30188679245283,79.10447761194031,56.55430711610487,61.5,67.36842105263158,63.0,66.29834254143645,69.56521739130434,55.02392344497608,67.17948717948718
Llama-3.2-3B-Instruct,NVFP4-RTN-WUSH,98.0,97.0,95.88235294117648,89.05660377358491,82.08955223880598,61.79775280898876,67.0,67.89473684210526,64.0,72.92817679558011,72.67080745341615,49.282296650717704,53.333333333333336
Llama-3.2-3B-Instruct,MXFP4-RTN-WUSH,94.66666666666667,99.0,97.05882352941177,84.90566037735849,77.23880597014924,45.31835205992509,54.0,66.31578947368422,57.49999999999999,76.79558011049724,63.35403726708074,51.196172248803826,55.38461538461539
Llama-3.2-3B-Instruct,NVFP4-RTN-WUSH,96.0,96.0,96.47058823529412,85.66037735849056,79.8507462686567,49.063670411985015,71.0,66.8421052631579,65.99999999999999,77.90055248618785,68.944099378882,55.02392344497608,62.56410256410256
Llama-3.2-3B-Instruct,NVFP4-RTN-WUSH,98.0,97.0,97.6470588235294,87.54716981132076,84.70149253731343,57.67790262172285,63.0,70.0,62.5,80.11049723756906,73.29192546583852,56.459330143540676,60.0
Llama-3.2-3B-Instruct,NVFP4-RTN-WUSH,98.0,100.0,94.70588235294117,86.0377358490566,78.35820895522389,56.17977528089888,70.5,74.21052631578947,64.0,69.06077348066299,70.80745341614907,46.889952153110045,60.51282051282052
Llama-3.2-3B-Instruct,NVFP4-GPTQ-WUSH,97.33333333333334,98.0,96.47058823529412,86.41509433962264,81.34328358208955,62.172284644194754,63.0,72.63157894736842,64.5,74.03314917127072,72.04968944099379,56.459330143540676,58.46153846153845
Llama-3.2-3B-Instruct,NVFP4-GPTQ-WUSH,96.66666666666667,100.0,98.23529411764706,84.15094339622642,80.59701492537313,61.79775280898876,71.50000000000001,74.21052631578947,58.5,79.00552486187846,73.29192546583852,42.10526315789473,65.64102564102564
Llama-3.2-3B-Instruct,NVFP4-GPTQ-WUSH,96.66666666666667,99.0,96.47058823529412,86.79245283018868,78.35820895522389,55.0561797752809,64.5,71.05263157894737,65.0,77.90055248618785,80.74534161490683,54.54545454545454,63.589743589743584
Llama-3.2-3B-Instruct,NVFP4-GPTQ-WUSH,95.33333333333334,100.0,98.82352941176471,87.9245283018868,77.61194029850746,50.187265917603,61.5,63.1578947368421,64.5,72.37569060773481,71.42857142857143,57.89473684210527,63.07692307692307
Llama-3.1-8B-Instruct,MXFP4-RTN-H,93.33333333333333,96.0,94.11764705882352,86.0377358490566,77.61194029850746,50.56179775280899,64.0,67.89473684210526,71.0,83.97790055248619,75.15527950310559,66.02870813397129,66.15384615384615
Llama-3.1-8B-Instruct,NVFP4-RTN-I,97.33333333333334,98.0,95.29411764705881,90.18867924528303,86.56716417910448,59.55056179775281,74.0,82.63157894736842,71.0,85.0828729281768,81.36645962732919,77.03349282296651,68.2051282051282
Llama-3.1-8B-Instruct,MXFP4-RTN-WUSH,98.66666666666667,98.0,96.47058823529412,90.18867924528303,83.5820895522388,54.68164794007491,67.0,78.94736842105263,62.5,87.84530386740332,76.3975155279503,73.20574162679425,75.38461538461539
Llama-3.1-8B-Instruct,MXFP4-RTN-WUSH,97.33333333333334,99.0,97.6470588235294,86.0377358490566,83.5820895522388,52.43445692883895,70.0,74.21052631578947,65.5,87.29281767955801,73.91304347826086,75.11961722488039,72.3076923076923
Llama-3.1-8B-Instruct,MXFP4-RTN-WUSH,98.0,95.0,97.6470588235294,88.30188679245283,83.5820895522388,53.18352059925093,73.0,73.6842105263158,64.5,78.45303867403315,73.91304347826086,62.67942583732058,73.33333333333334
Llama-3.1-8B-Instruct,MXFP4-RTN-WUSH,97.33333333333334,99.0,95.88235294117648,86.79245283018868,82.83582089552239,47.19101123595506,69.0,82.63157894736842,76.5,86.74033149171271,80.12422360248448,75.11961722488039,71.7948717948718
Llama-3.1-8B-Instruct,MXFP4-RTN-WUSH,98.66666666666667,98.0,93.52941176470588,85.66037735849056,79.47761194029852,50.56179775280899,68.5,80.0,64.0,83.97790055248619,70.80745341614907,71.29186602870814,69.23076923076923
Llama-3.1-8B-Instruct,NVFP4-RTN-WUSH,98.0,98.0,98.82352941176471,90.18867924528303,86.94029850746269,55.430711610486895,71.0,78.94736842105263,73.0,80.11049723756906,83.85093167701864,70.8133971291866,66.66666666666667
Llama-3.1-8B-Instruct,NVFP4-RTN-WUSH,98.0,97.0,97.05882352941177,90.18867924528303,83.95522388059702,58.80149812734082,73.0,71.05263157894737,67.5,87.84530386740332,77.01863354037268,75.5980861244019,69.23076923076923
Llama-3.1-8B-Instruct,NVFP4-RTN-WUSH,98.66666666666667,98.0,97.05882352941177,87.9245283018868,85.82089552238806,59.925093632958806,69.5,70.52631578947368,65.5,82.87292817679558,78.88198757763976,76.07655502392345,64.61538461538461
Llama-3.1-8B-Instruct,NVFP4-RTN-WUSH,96.0,97.0,95.88235294117648,86.0377358490566,85.82089552238806,55.80524344569289,80.0,83.15789473684211,66.5,82.32044198895028,71.42857142857143,67.94258373205741,71.7948717948718
Llama-3.1-8B-Instruct,NVFP4-RTN-WUSH,96.66666666666667,98.0,98.23529411764706,89.05660377358491,83.95522388059702,59.55056179775281,77.0,78.42105263157895,77.5,87.84530386740332,85.71428571428572,75.5980861244019,71.28205128205128
Llama-3.1-8B-Instruct,Llama-3.1-8B-Instruct-BF16,97.33333333333334,99.0,99.41176470588235,92.0754716981132,88.80597014925374,69.28838951310861,79.0,87.89473684210526,75.0,86.74033149171271,80.74534161490683,76.07655502392345,77.94871794871796
Llama-3.1-8B-Instruct,MXFP4-RTN-H,96.0,99.0,94.11764705882352,85.28301886792453,76.86567164179104,46.441947565543074,65.5,72.10526315789474,64.5,80.11049723756906,72.04968944099379,65.55023923444976,70.76923076923076
Llama-3.1-8B-Instruct,MXFP4-RTN-H,94.66666666666667,97.0,95.29411764705881,84.52830188679246,79.10447761194031,47.94007490636704,68.0,74.73684210526315,63.5,86.74033149171271,70.1863354037267,66.98564593301435,74.87179487179488
Llama-3.1-8B-Instruct,MXFP4-RTN-H,98.0,98.0,97.6470588235294,83.39622641509435,82.46268656716418,49.812734082397,69.5,72.10526315789474,62.5,85.0828729281768,70.1863354037267,66.02870813397129,62.56410256410256
Llama-3.1-8B-Instruct,NVFP4-RTN-I,96.66666666666667,99.0,95.29411764705881,87.54716981132076,83.2089552238806,61.048689138576776,70.0,83.15789473684211,73.0,89.50276243093923,75.15527950310559,78.4688995215311,73.33333333333334
Llama-3.1-8B-Instruct,NVFP4-RTN-I,97.33333333333334,100.0,97.6470588235294,87.54716981132076,88.80597014925374,63.29588014981273,69.5,79.47368421052632,73.5,85.0828729281768,77.01863354037268,75.11961722488039,69.74358974358974
Llama-3.1-8B-Instruct,NVFP4-RTN-I,98.66666666666667,100.0,95.88235294117648,89.81132075471699,88.05970149253731,55.0561797752809,76.0,78.42105263157895,70.0,90.05524861878453,79.5031055900621,77.03349282296651,74.87179487179488
Llama-3.1-8B-Instruct,NVFP4-RTN-I,97.33333333333334,100.0,97.6470588235294,88.67924528301887,87.31343283582089,56.55430711610487,74.5,81.05263157894737,68.5,86.74033149171271,80.74534161490683,71.77033492822966,69.23076923076923
Llama-3.1-8B-Instruct,MXFP4-RTN-H,96.66666666666667,96.0,94.70588235294117,82.26415094339623,80.97014925373134,53.93258426966292,63.0,70.0,63.0,85.6353591160221,72.04968944099379,64.11483253588517,63.589743589743584
Llama-3.1-8B-Instruct,MXFP4-GPTQ-WUSH,96.66666666666667,100.0,97.05882352941177,89.81132075471699,80.97014925373134,52.80898876404494,70.0,74.73684210526315,65.0,82.32044198895028,72.04968944099379,70.8133971291866,72.3076923076923
Llama-3.1-8B-Instruct,MXFP4-GPTQ-WUSH,97.33333333333334,96.0,95.88235294117648,89.43396226415095,85.07462686567165,54.30711610486891,75.0,66.31578947368422,64.5,77.90055248618785,75.15527950310559,62.20095693779905,65.12820512820512
Llama-3.1-8B-Instruct,MXFP4-GPTQ-WUSH,97.33333333333334,99.0,97.6470588235294,84.90566037735849,80.97014925373134,60.67415730337078,73.0,65.78947368421053,70.0,88.95027624309392,78.88198757763976,72.72727272727273,70.25641025641025
Llama-3.1-8B-Instruct,MXFP4-GPTQ-WUSH,97.33333333333334,99.0,97.6470588235294,88.67924528301887,87.68656716417911,55.0561797752809,72.0,77.36842105263158,71.50000000000001,87.29281767955801,80.12422360248448,70.8133971291866,72.3076923076923
Llama-3.1-8B-Instruct,MXFP4-GPTQ-WUSH,98.66666666666667,98.0,95.29411764705881,87.9245283018868,86.56716417910448,53.558052434456926,65.5,74.73684210526315,68.0,83.42541436464089,73.91304347826086,70.8133971291866,69.23076923076923
